{"GDYESVD":[{"RotationVectorOnPress":{"x":[0.284784,0.28493,0.284465,0.283807,0.282562,0.282101],"y":[0.255826,0.256636,0.257407,0.25789,0.257625,0.257929],"z":[0.620255,0.620523,0.620322,0.620669,0.621009,0.621276]},"XOnRelease":469,"LinearAccelerationOnRelease":{"x":[-0.0839,-0.0629,-0.73219997,0.2075,0.6023,0.3216],"y":[0.035299998,-0.0365,0.0145,0.1621,-0.075399995,0.014699999],"z":[0.3139,0.1602,0.0503,-0.0089,-0.0556,-0.2438]},"XOnPress":469,"primaryCode":103,"YOnPress":269,"YOnRelease":269,"NoKeyPressDelay":609.635417,"PressureOnPress":0.003921568859368563,"PressureOnRelease":0.003921568859368563,"RotationVectorOnRelease":{"x":[0.283807,0.282562,0.282101,0.282969,0.283873,0.285442],"y":[0.25789,0.257625,0.257929,0.25888,0.259089,0.258149],"z":[0.620669,0.621009,0.621276,0.621286,0.620976,0.621224]},"vectorCoord":"X=0;Y=0","KeyPressDelay":58.408333,"LinearAccelerationOnPress":{"x":[0.1866,0.0931,-0.1345,-0.0839,-0.0629,-0.73219997],"y":[-0.072399996,0.006,0.1015,0.035299998,-0.0365,0.0145],"z":[-0.26459998,-0.2549,0.0614,0.3139,0.1602,0.0503]},"keyLabel":"-1564511428#1"},{"RotationVectorOnPress":{"x":[0.28229,0.282136,0.281712,0.281346,0.281586,0.28038],"y":[0.260005,0.259937,0.259886,0.260917,0.262521,0.264589],"z":[0.621045,0.620889,0.621503,0.621878,0.621715,0.622265]},"XOnRelease":252,"LinearAccelerationOnRelease":{"x":[1.0E-4,0.1366,0.1988,0.0289,-1.0245,0.034199998],"y":[0.0332,0.0678,-0.1051,0.033,0.3883,0.26299998],"z":[0.3064,0.18349999,-0.2218,-0.2322,0.0503,0.0195]},"XOnPress":252,"primaryCode":100,"YOnPress":292,"YOnRelease":292,"NoKeyPressDelay":214.35625,"PressureOnPress":0.003921568859368563,"PressureOnRelease":0.003921568859368563,"RotationVectorOnRelease":{"x":[0.282136,0.281712,0.281346,0.281586,0.28038,0.28016],"y":[0.259937,0.259886,0.260917,0.262521,0.264589,0.266581],"z":[0.620889,0.621503,0.621878,0.621715,0.622265,0.621915]},"vectorCoord":"X=0;Y=0","KeyPressDelay":37.241146,"LinearAccelerationOnPress":{"x":[0.046099998,1.0E-4,0.1366,0.1988,0.0289,-1.0245],"y":[0.0799,0.0332,0.0678,-0.1051,0.033,0.3883],"z":[0.15179999,0.3064,0.18349999,-0.2218,-0.2322,0.0503]},"keyLabel":"-1564511428#1"},{"RotationVectorOnPress":{"x":[0.280766,0.281283,0.281289,0.281144,0.281179,0.281782],"y":[0.243826,0.244258,0.245045,0.246454,0.247335,0.246626],"z":[0.616455,0.616216,0.616212,0.616157,0.616404,0.616917]},"XOnRelease":607,"LinearAccelerationOnRelease":{"x":[-0.066,0.2258,0.2923,-0.2332,-0.0802,0.44309998],"y":[-0.0064999997,-0.0844,-0.0251,0.060399998,0.4005,-0.0622],"z":[-0.0534,-0.2014,-0.0349,-0.1399,0.16679999,0.32549998]},"XOnPress":607,"primaryCode":121,"YOnPress":111,"YOnRelease":111,"NoKeyPressDelay":1064.263021,"PressureOnPress":0.003921568859368563,"PressureOnRelease":0.003921568859368563,"RotationVectorOnRelease":{"x":[0.281144,0.281179,0.281782,0.281047,0.28027,0.279936],"y":[0.246454,0.247335,0.246626,0.246742,0.247917,0.24847999],"z":[0.616157,0.616404,0.616917,0.617704,0.617612,0.617401]},"vectorCoord":"X=0;Y=0","KeyPressDelay":76.069791,"LinearAccelerationOnPress":{"x":[0.219,-0.045399997,-0.036199998,-0.066,0.2258,0.2923],"y":[-0.073699996,0.0925,0.1237,-0.0064999997,-0.0844,-0.0251],"z":[-0.0336,-0.0042,0.0033,-0.0534,-0.2014,-0.0349]},"keyLabel":"-1564511428#1"},{"RotationVectorOnPress":{"x":[0.28307,0.283804,0.2839,0.284206,0.284291,0.284777],"y":[0.262412,0.263713,0.265502,0.267546,0.269097,0.268974],"z":[0.619069,0.619116,0.619528,0.619594,0.619817,0.620301]},"XOnRelease":269,"LinearAccelerationOnRelease":{"x":[0.0209,-0.073,0.21759999,-0.0469,0.1021,0.2882],"y":[0.1015,0.0852,-0.0464,-0.028199999,0.1925,0.0532],"z":[-0.1121,0.0618,0.0954,-0.34399998,-0.073199995,0.1158]},"XOnPress":269,"primaryCode":101,"YOnPress":101,"YOnRelease":101,"NoKeyPressDelay":407.875,"PressureOnPress":0.003921568859368563,"PressureOnRelease":0.003921568859368563,"RotationVectorOnRelease":{"x":[0.284206,0.284291,0.284777,0.285264,0.286353,0.28659],"y":[0.267546,0.269097,0.268974,0.269568,0.270847,0.271786],"z":[0.619594,0.619817,0.620301,0.620252,0.619935,0.619693]},"vectorCoord":"X=0;Y=0","KeyPressDelay":65.448438,"LinearAccelerationOnPress":{"x":[0.1021,0.0275,0.0618,0.0209,-0.073,0.21759999],"y":[-0.099599995,-0.022599999,0.0663,0.1015,0.0852,-0.0464],"z":[0.0967,-0.1759,-0.0191,-0.1121,0.0618,0.0954]},"keyLabel":"-1564511428#1"},{"RotationVectorOnPress":{"x":[0.286811,0.284082,0.283686,0.284963,0.286515,0.286497],"y":[0.26240098,0.261517,0.261637,0.260538,0.26218,0.264577],"z":[0.618382,0.619462,0.619735,0.621278,0.621304,0.620449]},"XOnRelease":172,"LinearAccelerationOnRelease":{"x":[0.6394,0.22379999,-0.3775,-0.963,-0.2069,-0.0722],"y":[-0.2686,-0.1353,0.2038,0.3807,0.37289998,0.28399998],"z":[0.0495,0.063999996,1.0E-4,-0.607,-0.57559997,-0.4951]},"XOnPress":172,"primaryCode":115,"YOnPress":283,"YOnRelease":283,"NoKeyPressDelay":937.714062,"PressureOnPress":0.003921568859368563,"PressureOnRelease":0.003921568859368563,"RotationVectorOnRelease":{"x":[0.284963,0.286515,0.286497,0.285675,0.287465,0.288251],"y":[0.260538,0.26218,0.264577,0.267422,0.272236,0.273439],"z":[0.621278,0.621304,0.620449,0.620601,0.618495,0.618004]},"vectorCoord":"X=0;Y=0","KeyPressDelay":56.802604,"LinearAccelerationOnPress":{"x":[-0.1892,-0.21069999,0.3328,0.6394,0.22379999,-0.3775],"y":[-0.0426,-0.0037999998,-0.2066,-0.2686,-0.1353,0.2038],"z":[0.7364,0.5891,0.2427,0.0495,0.063999996,1.0E-4]},"keyLabel":"-1564511428#1"},{"RotationVectorOnPress":{"x":[0.289671,0.289512,0.289345,0.289074,0.289093,0.288694],"y":[0.267833,0.267531,0.267726,0.268143,0.26832,0.267677],"z":[0.618486,0.618813,0.618985,0.618868,0.618752,0.619248]},"XOnRelease":522,"LinearAccelerationOnRelease":{"x":[0.099199995,-0.043199997,-0.21759999,0.2254,0.2069,0.021],"y":[-0.0369,-0.0032,0.1478,-0.1431,-0.033299997,-0.015999999],"z":[0.18439999,0.0034999999,-0.1661,0.115899995,-0.2382,-0.14819999]},"XOnPress":522,"primaryCode":118,"YOnPress":447,"YOnRelease":447,"NoKeyPressDelay":820.232813,"PressureOnPress":0.003921568859368563,"PressureOnRelease":0.003921568859368563,"RotationVectorOnRelease":{"x":[0.288694,0.288333,0.288474,0.289453,0.291466,0.291686],"y":[0.267677,0.267641,0.269078,0.26968,0.269263,0.268257],"z":[0.619248,0.619261,0.618523,0.617656,0.617167,0.616687]},"vectorCoord":"X=0;Y=0","KeyPressDelay":106.202604,"LinearAccelerationOnPress":{"x":[0.0066,0.11,0.0343,-0.0931,0.047,0.099199995],"y":[0.0098,0.0046,0.0143,-0.025999999,-0.067099996,-0.0369],"z":[0.099,0.0941,-0.0234,-0.0221,0.087799996,0.18439999]},"keyLabel":"-1564511428#1"},{"RotationVectorOnPress":{"x":[0.286266,0.287796,0.288028,0.28682598,0.286126,0.284392],"y":[0.265427,0.2664,0.266851,0.267108,0.266728,0.266134],"z":[0.621401,0.621055,0.620732,0.621438,0.62113297,0.6217]},"XOnRelease":260,"LinearAccelerationOnRelease":{"x":[-0.011899999,-0.0879,-0.6125,0.4466,0.3557,-0.1477],"y":[-0.053,-0.1362,0.2342,0.0532,0.2047,0.119399995],"z":[0.4649,0.1257,-0.3331,0.11229999,-0.225,-0.2863]},"XOnPress":260,"primaryCode":100,"YOnPress":274,"YOnRelease":274,"NoKeyPressDelay":4331.93802,"PressureOnPress":0.003921568859368563,"PressureOnRelease":0.003921568859368563,"RotationVectorOnRelease":{"x":[0.286126,0.284392,0.28394,0.285063,0.287009,0.2883],"y":[0.266728,0.266134,0.26586398,0.265075,0.264481,0.264748],"z":[0.62113297,0.6217,0.621559,0.621988,0.620797,0.619633]},"vectorCoord":"X=0;Y=0","KeyPressDelay":85.710417,"LinearAccelerationOnPress":{"x":[0.0471,0.1378,-0.043399997,-0.0208,-0.011899999,-0.0879],"y":[-0.0123,-0.0581,0.0721,0.102199994,-0.053,-0.1362],"z":[-0.4001,-0.4317,-0.22829999,0.359,0.4649,0.1257]},"keyLabel":"-1564511428#1"}]}