{"TRYGSVX":[{"RotationVectorOnPress":{"x":[0.199665,0.199585,0.199099,0.198307,0.197336,0.196527],"y":[-0.237515,-0.237555,-0.237708,-0.237776,-0.237689,-0.238159],"z":[-0.706149,-0.706101,-0.706121,-0.706086,-0.706176,-0.706154]},"XOnRelease":503,"LinearAccelerationOnRelease":{"x":[0.093399994,0.109699994,0.37109998,0.20639999,0.2969,0.1607],"y":[0.3217,0.3886,0.38099998,0.47259998,0.5202,0.43379998],"z":[-0.56589997,-0.4341,-0.39339998,0.0165,0.19669999,-0.039899997]},"XOnPress":503,"primaryCode":84,"YOnPress":107,"YOnRelease":107,"NoKeyPressDelay":225684.367153,"PressureOnPress":0.1882353127002716,"PressureOnRelease":0.18431372940540314,"RotationVectorOnRelease":{"x":[0.199099,0.198307,0.197336,0.196527,0.196365,0.196367],"y":[-0.237708,-0.237776,-0.237689,-0.238159,-0.237633,-0.237488],"z":[-0.706121,-0.706086,-0.706176,-0.706154,-0.706041,-0.705992]},"vectorCoord":"X=0;Y=0","KeyPressDelay":48.891146,"LinearAccelerationOnPress":{"x":[0.2025,0.023899999,0.093399994,0.109699994,0.37109998,0.20639999],"y":[0.41579998,0.33769998,0.3217,0.3886,0.38099998,0.47259998],"z":[-0.5534,-0.6125,-0.56589997,-0.4341,-0.39339998,0.0165]},"keyLabel":"1717323660#1"},{"RotationVectorOnPress":{"x":[0.200803,0.200955,0.201011,0.20085,0.200487,0.200278],"y":[-0.237814,-0.237941,-0.237924,-0.237872,-0.23785,-0.238134],"z":[-0.702752,-0.702631,-0.702583,-0.702553,-0.702618,-0.702687]},"XOnRelease":401,"LinearAccelerationOnRelease":{"x":[0.1841,0.29709998,0.1149,0.0179,0.019399999,0.28309998],"y":[0.3893,0.3741,0.30429998,0.4405,0.4337,0.2608],"z":[-0.4721,-0.33789998,-0.3761,-0.091,0.014599999,-0.243]},"XOnPress":401,"primaryCode":114,"YOnPress":97,"YOnRelease":97,"NoKeyPressDelay":616.13125,"PressureOnPress":0.1882353127002716,"PressureOnRelease":0.19215688109397888,"RotationVectorOnRelease":{"x":[0.20085,0.200487,0.200278,0.200332,0.200338,0.200231],"y":[-0.237872,-0.23785,-0.238134,-0.238171,-0.237928,-0.237734],"z":[-0.702553,-0.702618,-0.702687,-0.702749,-0.702618,-0.702445]},"vectorCoord":"X=0;Y=0","KeyPressDelay":59.645313,"LinearAccelerationOnPress":{"x":[0.2349,0.1955,0.15689999,0.1841,0.29709998,0.1149],"y":[0.42,0.41669998,0.40649998,0.3893,0.3741,0.30429998],"z":[-0.424,-0.4707,-0.5489,-0.4721,-0.33789998,-0.3761]},"keyLabel":"1717323660#1"},{"RotationVectorOnPress":{"x":[0.207567,0.207744,0.20822799,0.208737,0.209136,0.20947699],"y":[-0.234557,-0.234428,-0.234678,-0.234943,-0.235062,-0.235507],"z":[-0.700083,-0.699832,-0.699518,-0.699339,-0.699169,-0.699097]},"XOnRelease":606,"LinearAccelerationOnRelease":{"x":[0.235,0.1401,0.094299994,-0.092199996,0.299,0.3159],"y":[0.4342,0.3861,0.39,0.4199,0.44669998,0.5226],"z":[-0.4033,-0.5046,-0.51,-0.48349997,-0.55,-0.3299]},"XOnPress":606,"primaryCode":121,"YOnPress":69,"YOnRelease":69,"NoKeyPressDelay":736.804166,"PressureOnPress":0.16470588743686676,"PressureOnRelease":0.16470588743686676,"RotationVectorOnRelease":{"x":[0.20822799,0.208737,0.209136,0.20947699,0.209168,0.208774],"y":[-0.234678,-0.234943,-0.235062,-0.235507,-0.236013,-0.235775],"z":[-0.699518,-0.699339,-0.699169,-0.699097,-0.699042,-0.699115]},"vectorCoord":"X=0;Y=0","KeyPressDelay":58.152083,"LinearAccelerationOnPress":{"x":[0.2215,0.1743,0.235,0.1401,0.094299994,-0.092199996],"y":[0.4725,0.3446,0.4342,0.3861,0.39,0.4199],"z":[-0.1647,-0.184,-0.4033,-0.5046,-0.51,-0.48349997]},"keyLabel":"1717323660#1"},{"RotationVectorOnPress":{"x":[0.20037,0.200258,0.200061,0.199634,0.198817,0.197972],"y":[-0.231188,-0.231616,-0.231945,-0.232128,-0.232486,-0.232911],"z":[-0.701467,-0.701283,-0.701106,-0.701047,-0.70096,-0.701098]},"XOnRelease":484,"LinearAccelerationOnRelease":{"x":[0.3644,0.5933,0.0986,0.371,0.2651,0.19229999],"y":[0.4696,0.3171,0.5413,0.4552,0.5476,0.20619999],"z":[-0.4103,-0.4522,-0.29709998,-0.1321,-0.1743,-0.264]},"XOnPress":484,"primaryCode":103,"YOnPress":253,"YOnRelease":253,"NoKeyPressDelay":716.775521,"PressureOnPress":0.1764705926179886,"PressureOnRelease":0.1764705926179886,"RotationVectorOnRelease":{"x":[0.198817,0.197972,0.198247,0.198553,0.198482,0.198644],"y":[-0.232486,-0.232911,-0.233558,-0.233111,-0.232838,-0.232541],"z":[-0.70096,-0.701098,-0.700934,-0.700716,-0.700732,-0.700721]},"vectorCoord":"X=0;Y=0","KeyPressDelay":73.094271,"LinearAccelerationOnPress":{"x":[0.1125,0.21229999,0.115899995,-9.0E-4,0.3644,0.5933],"y":[0.3108,0.3363,0.413,0.4156,0.4696,0.3171],"z":[-0.4001,-0.4658,-0.4447,-0.34829998,-0.4103,-0.4522]},"keyLabel":"1717323660#1"},{"RotationVectorOnPress":{"x":[0.203812,0.20377,0.203606,0.20344,0.202914,0.202599],"y":[-0.228989,-0.228921,-0.228919,-0.22897,-0.230617,-0.231981],"z":[-0.698781,-0.698731,-0.69877,-0.69873,-0.699033,-0.699093]},"XOnRelease":190,"LinearAccelerationOnRelease":{"x":[0.22399999,0.2439,0.035,0.1299,0.3256,0.24419999],"y":[0.309,0.4822,0.4297,0.39859998,0.5448,0.5155],"z":[-0.64019996,-0.40469998,-0.16679999,-0.0453,-0.1892,-0.35349998]},"XOnPress":190,"primaryCode":115,"YOnPress":260,"YOnRelease":260,"NoKeyPressDelay":426.274479,"PressureOnPress":0.1764705926179886,"PressureOnRelease":0.18039216101169586,"RotationVectorOnRelease":{"x":[0.202914,0.202599,0.202616,0.20262,0.202766,0.203115],"y":[-0.230617,-0.231981,-0.232249,-0.231585,-0.230728,-0.229598],"z":[-0.699033,-0.699093,-0.699063,-0.698978,-0.698721,-0.698588]},"vectorCoord":"X=0;Y=0","KeyPressDelay":73.665625,"LinearAccelerationOnPress":{"x":[0.2043,0.1256,0.1823,0.2965,0.22399999,0.2439],"y":[0.4071,0.428,0.3809,0.4508,0.309,0.4822],"z":[-0.42209998,-0.325,-0.4048,-0.2095,-0.64019996,-0.40469998]},"keyLabel":"1717323660#1"},{"RotationVectorOnPress":{"x":[0.198793,0.199468,0.200346,0.201333,0.20195,0.202088],"y":[-0.221175,-0.221226,-0.221275,-0.22136,-0.220973,-0.22049099],"z":[-0.700569,-0.700282,-0.699791,-0.699441,-0.699165,-0.699147]},"XOnRelease":545,"LinearAccelerationOnRelease":{"x":[0.2383,0.2201,0.14899999,0.0626,0.2562,0.5118],"y":[0.3432,0.3899,0.5316,0.45029998,0.52169997,0.61719996],"z":[-0.8328,-0.57629997,-0.34399998,0.0923,-0.085999995,-0.29999998]},"XOnPress":545,"primaryCode":118,"YOnPress":454,"YOnRelease":454,"NoKeyPressDelay":936.141667,"PressureOnPress":0.125490203499794,"PressureOnRelease":0.13725490868091583,"RotationVectorOnRelease":{"x":[0.201333,0.20195,0.202088,0.201822,0.201593,0.20173],"y":[-0.22136,-0.220973,-0.22049099,-0.220173,-0.220166,-0.220246],"z":[-0.699441,-0.699165,-0.699147,-0.699416,-0.699513,-0.699445]},"vectorCoord":"X=0;Y=0","KeyPressDelay":63.470312,"LinearAccelerationOnPress":{"x":[0.3295,0.29729998,0.345,0.2383,0.2201,0.14899999],"y":[0.3746,0.3662,0.2967,0.3432,0.3899,0.5316],"z":[-0.1287,-0.3191,-0.6256,-0.8328,-0.57629997,-0.34399998]},"keyLabel":"1717323660#1"},{"RotationVectorOnPress":{"x":[0.201806,0.201665,0.201696,0.20176,0.20161399,0.201877],"y":[-0.219676,-0.220042,-0.220407,-0.22064699,-0.221073,-0.223342],"z":[-0.699407,-0.699453,-0.699528,-0.699496,-0.69954,-0.699547]},"XOnRelease":332,"LinearAccelerationOnRelease":{"x":[0.0963,0.3446,0.2447,0.019199999,0.093899995,0.412],"y":[0.3177,0.3435,0.43989998,0.6085,0.4969,0.3375],"z":[-0.4728,4.0E-4,-0.57589996,-0.6713,-0.2638,0.011399999]},"XOnPress":332,"primaryCode":120,"YOnPress":426,"YOnRelease":426,"NoKeyPressDelay":302.933854,"PressureOnPress":0.16862745583057404,"PressureOnRelease":0.1725490242242813,"RotationVectorOnRelease":{"x":[0.20176,0.20161399,0.201877,0.202545,0.202647,0.201819],"y":[-0.22064699,-0.221073,-0.223342,-0.224158,-0.22357,-0.222158],"z":[-0.699496,-0.69954,-0.699547,-0.699437,-0.699202,-0.699314]},"vectorCoord":"X=0;Y=0","KeyPressDelay":61.703646,"LinearAccelerationOnPress":{"x":[0.15619999,0.28759998,0.1964,0.0963,0.3446,0.2447],"y":[0.32909998,0.45369998,0.43899998,0.3177,0.3435,0.43989998],"z":[-0.1572,-0.2728,-0.4165,-0.4728,4.0E-4,-0.57589996]},"keyLabel":"1717323660#1"}]}