{"GDYESVD":[{"RotationVectorOnPress":{"x":[0.34226245,0.34119016,0.34103394,0.34111926,0.34066513,0.3413311],"y":[-0.1320369,-0.13354057,-0.13495697,-0.13555913,-0.13488202,-0.13522692],"z":[-0.41359714,-0.41629297,-0.41744936,-0.4175312,-0.417068,-0.41704673]},"XOnRelease":546,"LinearAccelerationOnRelease":{"x":[-0.041966558,0.031026125,0.0763908,0.0043945312,0.074401796,0.021264315],"y":[0.022578716,0.009922028,-0.03711319,-0.019694805,-0.014785767,0.016090393],"z":[0.03410721,-0.045155525,0.072274685,-0.10274553,0.062627316,-0.02826786]},"XOnPress":546,"primaryCode":103,"YOnPress":260,"YOnRelease":260,"NoKeyPressDelay":1105.39401,"PressureOnPress":1,"PressureOnRelease":1,"RotationVectorOnRelease":{"x":[0.34119016,0.34103394,0.34111926,0.34066513,0.3413311,0.3404804],"y":[-0.13354057,-0.13495697,-0.13555913,-0.13488202,-0.13522692,-0.1361368],"z":[-0.41629297,-0.41744936,-0.4175312,-0.417068,-0.41704673,-0.41820234]},"vectorCoord":"X=0;Y=0","KeyPressDelay":72.124687,"LinearAccelerationOnPress":{"x":[0.018947303,-0.041966558,0.031026125,0.0763908,0.0043945312,0.074401796],"y":[-0.098323345,0.022578716,0.009922028,-0.03711319,-0.019694805,-0.014785767],"z":[0.1347704,0.03410721,-0.045155525,0.072274685,-0.10274553,0.062627316]},"keyLabel":"-1013991204#1"},{"RotationVectorOnPress":{"x":[0.34103394,0.34111926,0.34066513,0.3413311,0.3404804,0.33955118],"y":[-0.13495697,-0.13555913,-0.13488202,-0.13522692,-0.1361368,-0.13638204],"z":[-0.41744936,-0.4175312,-0.417068,-0.41704673,-0.41820234,-0.42011544]},"XOnRelease":334,"LinearAccelerationOnRelease":{"x":[0.0763908,0.0043945312,0.074401796,0.021264315,-0.034754038,0.060247302],"y":[-0.03711319,-0.019694805,-0.014785767,0.016090393,-0.0492754,-0.05830574],"z":[0.072274685,-0.10274553,0.062627316,-0.02826786,0.05925131,0.24206686]},"XOnPress":334,"primaryCode":100,"YOnPress":257,"YOnRelease":257,"NoKeyPressDelay":50.614688,"PressureOnPress":1,"PressureOnRelease":1,"RotationVectorOnRelease":{"x":[0.34111926,0.34066513,0.3413311,0.3404804,0.33955118,0.33904493],"y":[-0.13555913,-0.13488202,-0.13522692,-0.1361368,-0.13638204,-0.13792191],"z":[-0.4175312,-0.417068,-0.41704673,-0.41820234,-0.42011544,-0.42205414]},"vectorCoord":"X=0;Y=0","KeyPressDelay":69.131198,"LinearAccelerationOnPress":{"x":[0.031026125,0.0763908,0.0043945312,0.074401796,0.021264315,-0.034754038],"y":[0.009922028,-0.03711319,-0.019694805,-0.014785767,0.016090393,-0.0492754],"z":[-0.045155525,0.072274685,-0.10274553,0.062627316,-0.02826786,0.05925131]},"keyLabel":"-1013991204#1"},{"RotationVectorOnPress":{"x":[0.3413311,0.3404804,0.33955118,0.33904493,0.34107327,0.34287488],"y":[-0.13522692,-0.1361368,-0.13638204,-0.13792191,-0.13525037,-0.13666321],"z":[-0.41704673,-0.41820234,-0.42011544,-0.42205414,-0.41596195,-0.41398606]},"XOnRelease":603,"LinearAccelerationOnRelease":{"x":[0.021264315,-0.034754038,0.060247302,0.032558322,-0.0055852532,0.10612756],"y":[0.016090393,-0.0492754,-0.05830574,0.088709354,-0.13599539,0.016893387],"z":[-0.02826786,0.05925131,0.24206686,-0.24273682,0.36221886,-0.3298478]},"XOnPress":603,"primaryCode":121,"YOnPress":103,"YOnRelease":103,"NoKeyPressDelay":85.396771,"PressureOnPress":1,"PressureOnRelease":1,"RotationVectorOnRelease":{"x":[0.3404804,0.33955118,0.33904493,0.34107327,0.34287488,0.34326133],"y":[-0.1361368,-0.13638204,-0.13792191,-0.13525037,-0.13666321,-0.13524899],"z":[-0.41820234,-0.42011544,-0.42205414,-0.41596195,-0.41398606,-0.41491464]},"vectorCoord":"X=0;Y=0","KeyPressDelay":66.549791,"LinearAccelerationOnPress":{"x":[0.074401796,0.021264315,-0.034754038,0.060247302,0.032558322,-0.0055852532],"y":[-0.014785767,0.016090393,-0.0492754,-0.05830574,0.088709354,-0.13599539],"z":[0.062627316,-0.02826786,0.05925131,0.24206686,-0.24273682,0.36221886]},"keyLabel":"-1013991204#1"},{"RotationVectorOnPress":{"x":[0.34030864,0.3422163,0.34687027,0.35150078,0.35356328,0.35741702],"y":[-0.13690375,-0.13309416,-0.12576482,-0.116545655,-0.11124039,-0.10775371],"z":[-0.4276469,-0.42409694,-0.4124198,-0.40311986,-0.39602888,-0.39346075]},"XOnRelease":298,"LinearAccelerationOnRelease":{"x":[0.15941751,-0.07118362,-0.06182629,-0.0627954,0.042877913,0.20044142],"y":[-0.039076805,-0.079949856,0.027335644,-0.016164303,0.05865097,-0.09692907],"z":[-0.10586929,0.07030964,-0.058128357,0.41842318,-0.14707088,-0.47101068]},"XOnPress":298,"primaryCode":101,"YOnPress":113,"YOnRelease":113,"NoKeyPressDelay":1624.554114,"PressureOnPress":1,"PressureOnRelease":1,"RotationVectorOnRelease":{"x":[0.3422163,0.34687027,0.35150078,0.35356328,0.35741702,0.36450738],"y":[-0.13309416,-0.12576482,-0.116545655,-0.11124039,-0.10775371,-0.103204586],"z":[-0.42409694,-0.4124198,-0.40311986,-0.39602888,-0.39346075,-0.3848955]},"vectorCoord":"X=0;Y=0","KeyPressDelay":48.867865,"LinearAccelerationOnPress":{"x":[0.14880168,0.15941751,-0.07118362,-0.06182629,-0.0627954,0.042877913],"y":[-0.022582054,-0.039076805,-0.079949856,0.027335644,-0.016164303,0.05865097],"z":[0.051484585,-0.10586929,0.07030964,-0.058128357,0.41842318,-0.14707088]},"keyLabel":"-1013991204#1"},{"RotationVectorOnPress":{"x":[0.35356328,0.35741702,0.36450738,0.36627984,0.3609752,0.35751596],"y":[-0.11124039,-0.10775371,-0.103204586,-0.09834559,-0.09098038,-0.08377471],"z":[-0.39602888,-0.39346075,-0.3848955,-0.37581834,-0.37387794,-0.3731536]},"XOnRelease":230,"LinearAccelerationOnRelease":{"x":[0.042877913,0.20044142,-0.15582883,-0.1408341,-0.10306072,0.045980096],"y":[0.05865097,-0.09692907,0.04499626,0.2120843,0.055823803,-0.12921381],"z":[-0.14707088,-0.47101068,-0.30578947,0.6177292,0.5044236,0.11871958]},"XOnPress":230,"primaryCode":115,"YOnPress":237,"YOnRelease":237,"NoKeyPressDelay":208.390677,"PressureOnPress":1,"PressureOnRelease":1,"RotationVectorOnRelease":{"x":[0.35741702,0.36450738,0.36627984,0.3609752,0.35751596,0.3571715],"y":[-0.10775371,-0.103204586,-0.09834559,-0.09098038,-0.08377471,-0.08322527],"z":[-0.39346075,-0.3848955,-0.37581834,-0.37387794,-0.3731536,-0.3746009]},"vectorCoord":"X=0;Y=0","KeyPressDelay":55.569739,"LinearAccelerationOnPress":{"x":[-0.0627954,0.042877913,0.20044142,-0.15582883,-0.1408341,-0.10306072],"y":[-0.016164303,0.05865097,-0.09692907,0.04499626,0.2120843,0.055823803],"z":[0.41842318,-0.14707088,-0.47101068,-0.30578947,0.6177292,0.5044236]},"keyLabel":"-1013991204#1"},{"RotationVectorOnPress":{"x":[0.33516642,0.33612356,0.3354264,0.3362545,0.33740243,0.33868837],"y":[-0.114511654,-0.11468374,-0.11495048,-0.114730135,-0.11396038,-0.112899184],"z":[-0.41741034,-0.41732094,-0.41893727,-0.4179174,-0.41670033,-0.41518962]},"XOnRelease":535,"LinearAccelerationOnRelease":{"x":[0.07488704,0.03231275,0.040026724,0.010158479,0.036215723,0.038966537],"y":[-0.04791355,0.0069084167,-0.045877934,0.0074062347,0.0045599937,-0.030429363],"z":[0.18059254,-0.13764095,0.10485506,-0.010816574,0.14842081,0.07871771]},"XOnPress":535,"primaryCode":118,"YOnPress":443,"YOnRelease":443,"NoKeyPressDelay":1137.781927,"PressureOnPress":1,"PressureOnRelease":1,"RotationVectorOnRelease":{"x":[0.33612356,0.3354264,0.3362545,0.33740243,0.33868837,0.33963946],"y":[-0.11468374,-0.11495048,-0.114730135,-0.11396038,-0.112899184,-0.11132075],"z":[-0.41732094,-0.41893727,-0.4179174,-0.41670033,-0.41518962,-0.41079614]},"vectorCoord":"X=0;Y=0","KeyPressDelay":55.01651,"LinearAccelerationOnPress":{"x":[0.010478139,0.07488704,0.03231275,0.040026724,0.010158479,0.036215723],"y":[0.01846075,-0.04791355,0.0069084167,-0.045877934,0.0074062347,0.0045599937],"z":[-0.108876705,0.18059254,-0.13764095,0.10485506,-0.010816574,0.14842081]},"keyLabel":"-1013991204#1"},{"RotationVectorOnPress":{"x":[0.3354264,0.3362545,0.33740243,0.33868837,0.33963946,0.34210578],"y":[-0.11495048,-0.114730135,-0.11396038,-0.112899184,-0.11132075,-0.11019344],"z":[-0.41893727,-0.4179174,-0.41670033,-0.41518962,-0.41079614,-0.4076301]},"XOnRelease":331,"LinearAccelerationOnRelease":{"x":[0.040026724,0.010158479,0.036215723,0.038966537,-0.017001688,0.049892426],